driverId,name,ssn,location,certified,wage-plan
10,Monica Park,434-43-5780,"399 Sullivan Mews
Port Kellyland, GA 82211",Y,hours
11,Elijah Lang,396-23-2921,"USCGC Spence
FPO AP 97605",N,hours
12,Amanda Brown MD,053-68-8569,"3755 Nancy Coves Suite 841
Millerside, ND 65785",N,miles
13,Douglas Williams,652-02-2824,"PSC 9160, Box 9045
APO AA 70883",N,hours
14,Jennifer Roman,096-14-5397,"9835 John Drive
Nicolemouth, WY 14165",Y,miles
15,Thomas Hughes,053-11-2815,"07745 Robin Fields Suite 547
South Lauraport, IL 81289",Y,miles
16,David Murphy,799-28-0095,"9636 Simmons Brooks
East Brandonmouth, AR 77964",N,miles
17,Pedro Wright,506-26-1929,"0649 James Trail
Greentown, OR 80881",N,miles
18,Joshua Gibson,464-15-7017,"580 Gina Mountains Apt. 023
Aaronmouth, TX 29318",N,hours
19,Sarah Clark,050-24-7070,"7868 Christine Extensions Apt. 603
Erinshire, IA 82008",Y,hours
20,Donald Gomez,039-11-8193,"5526 William Locks Apt. 096
Raymouth, GA 49641",Y,miles
21,James Lewis,127-50-3567,"65933 Wolfe Manor Suite 935
West Brittany, OK 52346",Y,hours
22,Michelle Osborn,876-32-2964,"857 Thompson Grove
South Mackenzie, CT 45453",N,hours
23,Edward Wheeler,558-92-7389,"40700 Michelle Cliffs Apt. 967
Elijahchester, NM 11514",Y,miles
24,Megan Mueller,755-27-4021,"3488 Anderson Camp Suite 705
South Jamieside, TX 61215",N,hours
25,Matthew Powers,076-87-6829,"425 Long Trafficway
New Adrianstad, IL 86822",N,hours
26,Mark Hill,209-95-4899,"49075 Zavala Spur Suite 791
Stephenville, ME 29375",N,hours
27,David Moore,829-08-0684,"72636 Ronald Stravenue
West Jasminebury, DC 95134",Y,miles
28,Mark Murray,808-68-3634,"05980 Torres Cape
Smithland, SD 53988",Y,miles
29,Cindy Wiley,285-77-8209,"PSC 7725, Box 5277
APO AP 89888",N,hours
30,Jeffery Wilkinson,399-73-5655,"79587 Anderson Fords Suite 853
West Mariehaven, OR 98082",N,hours
31,Margaret Skinner,145-10-1563,"592 Timothy Valleys
East Amandaside, AK 60852",N,miles
32,Mark Shea,326-44-5114,"839 Wesley Squares
New Jose, PR 38597",N,miles
33,Brian Casey,619-57-9540,"9705 Martin Spur Apt. 937
New Jennifershire, NY 31113",N,miles
34,Daniel Dominguez,206-41-6995,"3100 Ross Villages
Brookeport, UT 67128",Y,miles
35,Linda Martin,221-87-8722,"82929 Phillips Key
Christineview, PR 19623",N,miles
36,Natasha Pratt,417-64-5377,"92585 Richard Ford Suite 075
Xaviermouth, NM 55446",N,miles
37,Melissa Pope,727-05-6095,"6276 Elizabeth Mall
North Gregoryville, IN 53021",N,hours
38,Margaret Murphy,338-01-4575,"03013 Clark Crest
West Ronniefurt, PA 74557",Y,hours
39,Christy Vazquez,662-93-3694,"81419 Maynard Canyon Apt. 373
East Dylanhaven, VT 63097",N,hours
40,Alan Edwards,677-83-0353,"8040 Barton Expressway Apt. 565
South Lisa, ME 85383",N,hours
41,Jesse Vargas,538-90-1805,"4862 William Pine Suite 230
Sydneyfurt, IL 29184",N,miles
42,Michelle Yang,545-90-6517,"61034 Horne Vista
Floreston, MD 73429",N,miles
43,Melissa Wallace,107-33-2571,"121 Gallegos Hills
East Olivia, MO 44491",Y,hours
44,Kimberly Juarez,175-57-1092,"Unit 1782 Box 1242
DPO AE 91382",N,miles
45,Adam Carpenter,691-16-1657,"PSC 9767, Box 8428
APO AP 75354",N,hours
46,Stephanie Carlson,204-50-1782,"174 Rogers Inlet
Lisahaven, AZ 10857",N,miles
47,Cody Simpson,807-05-9375,"09606 Tanya River
North Amanda, PA 99889",N,hours
48,Julia Phillips,599-47-6716,"6681 Hughes Fall
Jonesberg, GA 79716",N,hours
49,Jessica Mercer,199-54-4615,"5307 Christine Key Suite 098
North Rick, MP 51322",N,miles
50,Anthony Cannon,669-43-4397,"USS Smith
FPO AP 49826",Y,hours
51,Laura Everett,629-10-3960,"8608 Brian Plains
New Nicholas, VT 19386",Y,miles
52,Denise Lyons,365-66-8681,"USNV Jones
FPO AA 69602",N,hours
53,Laura Velasquez,297-69-8130,"109 Kidd Motorway Suite 304
North Kevin, PW 24310",Y,hours
54,Amy Fowler,588-60-8916,"0764 Hayes Villages
Port Katherinefurt, GU 21314",Y,hours
55,Alexandria Eaton,272-55-4582,"PSC 8172, Box 8448
APO AE 07799",Y,miles
56,Ronald Martin,154-92-5090,"Unit 9377 Box 2919
DPO AA 67149",N,miles
57,Leah Washington,859-54-5514,"328 Porter Canyon
North Kimberly, WI 23478",Y,hours
58,Thomas Gomez,865-49-6124,"48098 Kane Pass
New Steventon, HI 42499",N,miles
59,Debra Kennedy,112-10-0897,"86223 Oliver Pike
West Jessica, AK 14854",N,hours
60,Steven Mccullough,856-26-3797,"8034 Guerra Expressway
Adrianchester, NH 45451",Y,hours
61,Meredith Allen,744-50-6130,"52529 Davenport Crossing
Joyberg, AS 02592",Y,miles
62,Joseph Ray,228-33-9567,"7857 Rangel Island Suite 281
Lamborough, AK 32500",Y,hours
63,Maria Noble,869-24-5633,"70684 Phillips Burgs Apt. 362
Travistown, WY 95471",Y,miles
64,Sara Jordan,274-40-1124,"30351 Joseph Ports Suite 165
Burtonberg, GU 97582",Y,hours
65,Hannah Johnson,176-20-2122,"43750 Mckee Common
New Nicoleberg, MD 32003",Y,hours
66,Melissa Roach,866-77-8689,"53238 Shannon Keys
New Nicholas, OR 57849",N,miles
67,David Mays,880-07-2844,"05654 Amber Lake Apt. 946
New Steven, WA 03186",Y,hours
68,Heather Ingram,022-06-8664,"0249 Gentry Villages Suite 266
Webbside, DE 24172",N,miles
69,Timothy Thompson,459-64-0961,"369 Hart Streets Suite 846
Barbaraborough, VI 45867",N,hours
70,Marcus Park,048-94-4469,"8774 Daniel Parkway
West Robertmouth, MO 75397",N,hours
71,Jade Reed,185-86-3333,"995 Smith Branch
Dianahaven, LA 56673",N,miles
72,Carla Hurley,650-39-6937,"7871 Martin Haven
New Calvinborough, DE 13761",Y,miles
73,Katie Flores,225-49-4479,"8596 Karen Port Apt. 152
Davidmouth, MP 84775",N,hours
74,Sherry Harris,307-35-8339,"750 Andrew Centers Suite 856
South Lisaport, HI 80405",Y,hours
75,William Mejia,101-46-0856,"6129 Jason Trail Suite 129
Jameschester, MI 39250",N,hours
76,Allen Cook,312-80-9223,"347 Darren Course Suite 011
Port Kennethchester, AR 47325",N,hours
77,Sabrina Kennedy,826-27-9621,"82632 Hansen Crest
New Julia, AZ 68641",N,hours
78,Kenneth Cook,757-56-9420,"3760 Jimenez Lights
Lake James, MH 94240",N,miles
79,Michael Young,506-33-1460,"700 Charles Curve
Garciaton, NJ 51442",Y,hours
80,Heather Grimes,694-02-2638,"7828 April Drive Apt. 925
New Wendy, IN 16302",Y,miles
81,Ashley Hines,544-20-6529,"90359 Mejia Ville
West Jaredville, CA 09703",Y,miles
82,Jennifer Miller,429-17-3292,"64708 James Court Suite 956
Keithtown, SC 94349",N,miles
83,Monica Hart,481-73-8177,"4086 Ryan Path Apt. 005
Owensside, AR 54034",N,hours
84,Jeremy Decker,115-82-0993,"2249 Vega Bridge Suite 672
Port Annhaven, SC 01160",N,miles
85,Jay Peters,367-84-5444,"2536 Cobb Forks
North Cesartown, MA 11027",N,hours
86,Ann Henson,392-85-4323,"911 Steven Forge
Port Natalie, IL 65010",Y,hours
87,Tyler Robinson,838-80-0605,"48900 Soto Lights Suite 341
South Maria, WY 01308",N,hours
88,Andrew Powell,238-61-9779,"7813 Nichols Wells
South Heatherland, CA 24600",Y,hours
89,Reginald Chavez,640-62-0124,"9634 Kristen Summit
Lake Ianshire, IL 46488",Y,miles
90,Donald French,719-34-1058,"14992 Mcneil Summit
Lauramouth, MT 03276",N,miles
91,Michele Hall,815-80-8322,"336 Eric Lane Suite 751
East Elizabethshire, VI 87825",Y,hours
92,Victor Peterson,744-94-6909,"534 King Lane
Bradleystad, WY 09052",N,hours
93,Charles Pearson,431-88-8658,"55161 Rice Mountain Apt. 197
Morristown, KY 32322",Y,hours
94,Dr. Dean Allen,403-15-0224,"219 Johnson Hills Apt. 576
Nicolefort, PW 72312",Y,miles
95,Melinda Lambert,014-14-6231,"698 Wall Junctions Suite 011
Lake Stephen, NJ 24941",Y,miles
96,Laurie Garner,458-80-0576,"2231 April Mill
Corteztown, OR 53352",Y,miles
97,Nicholas Reed,175-20-6746,"4898 Morton Avenue
Bartonburgh, NJ 46499",Y,hours
98,Erik Robertson,600-49-9693,"USNS Frederick
FPO AE 35294",Y,hours
99,Kaitlyn Burns,821-01-0993,"73018 Kristen Via Suite 797
Bradshire, NE 12964",N,hours
100,James Fuller,597-49-7077,"4584 Stokes Lane Apt. 822
Seanmouth, VA 55787",Y,miles
101,Suzanne Ball,250-55-6784,"Unit 2180 Box 8422
DPO AP 95125",N,hours
102,Lisa Gomez,161-53-2946,"239 Carpenter Spring
West Matthew, PA 76080",N,miles
103,Terry Hayes,085-50-0824,"769 Javier Expressway Apt. 268
Fernandoville, IA 94470",N,miles
104,Susan Johnson,426-63-0892,"4821 Miller Cape
East Reginaldland, DE 71670",Y,hours
105,Scott Erickson,718-38-5790,"082 Simmons Via
Smithtown, WA 19468",Y,miles
106,Jessica Ayala,778-50-2392,"8870 Lang Brook Suite 485
Port Jamie, RI 87589",N,hours
107,Greg Hill,133-91-2847,"07286 Nicholas Stream Apt. 233
East Andrew, WA 86365",Y,miles
108,Jeffrey Bridges,575-85-8782,"PSC 8261, Box 8833
APO AE 16468",N,hours
109,Edward Ward,807-06-0153,"PSC 2788, Box 7481
APO AE 87939",Y,miles
